{
  "R": {
    "R": {
      "normal": 0.457697,
      "benign": 0.540842,
      "malignant": 0.001462
    }
  },
  "U": {
    "U": {
      "normal": 0.129435,
      "benign": 0.857921,
      "malignant": 0.012644
    }
  },
  "0": {
    "0": {
      "normal": 0.960725,
      "benign": 0.039257,
      "malignant": 1.9e-05
    },
    "B": {
      "normal": 0.634339,
      "benign": 0.365369,
      "malignant": 0.000292
    }
  },
  "2": {
    "D": {
      "normal": 0.456935,
      "benign": 0.500684,
      "malignant": 0.04238
    },
    "4": {
      "normal": 0.998904,
      "benign": 0.001005,
      "malignant": 9.1e-05
    }
  },
  "5": {
    "5": {
      "normal": 0.961563,
      "benign": 0.018205,
      "malignant": 0.020232
    },
    "F": {
      "normal": 0.992132,
      "benign": 0.007841,
      "malignant": 2.8e-05
    }
  },
  "1": {
    "C": {
      "normal": 0.958007,
      "benign": 0.012529,
      "malignant": 0.029463
    }
  },
  "6": {
    "6": {
      "normal": 0.317171,
      "benign": 0.509257,
      "malignant": 0.173573
    }
  },
  "7": {
    "8": {
      "normal": 0.628949,
      "benign": 0.001747,
      "malignant": 0.369304
    }
  },
  "9": {
    "F": {
      "normal": 0.929536,
      "benign": 0.070364,
      "malignant": 0.0001
    },
    "A": {
      "normal": 0.170639,
      "benign": 0.822782,
      "malignant": 0.006579
    }
  },
  "C": {
    "9": {
      "normal": 0.644757,
      "benign": 0.355224,
      "malignant": 1.9e-05
    }
  },
  "B": {
    "E": {
      "normal": 0.321775,
      "benign": 0.677536,
      "malignant": 0.000689
    }
  },
  "D": {
    "5": {
      "normal": 0.553408,
      "benign": 0.40273,
      "malignant": 0.043863
    },
    "D": {
      "normal": 0.975612,
      "benign": 0.024385,
      "malignant": 3e-06
    }
  },
  "E": {
    "F": {
      "normal": 0.876128,
      "benign": 0.123755,
      "malignant": 0.000117
    }
  },
  "F": {
    "4": {
      "normal": 0.982162,
      "benign": 0.016066,
      "malignant": 0.001773
    }
  },
  "K": {
    "K": {
      "normal": 0.290408,
      "benign": 0.633756,
      "malignant": 0.075835
    }
  },
  "O": {
    "O": {
      "normal": 0.986181,
      "benign": 0.009851,
      "malignant": 0.003968
    }
  }
}