{
  "R": {
    "R": {
      "normal": 0.667232,
      "benign": 0.127963,
      "malignant": 0.204805
    }
  },
  "U": {
    "U": {
      "normal": 0.307719,
      "benign": 0.063863,
      "malignant": 0.628417
    }
  },
  "0": {
    "0": {
      "normal": 0.10149,
      "benign": 0.015597,
      "malignant": 0.882913
    },
    "B": {
      "normal": 0.159222,
      "benign": 0.028822,
      "malignant": 0.811956
    }
  },
  "2": {
    "D": {
      "normal": 0.671985,
      "benign": 0.136031,
      "malignant": 0.191984
    },
    "4": {
      "normal": 0.313503,
      "benign": 0.062194,
      "malignant": 0.624303
    }
  },
  "5": {
    "5": {
      "normal": 0.09248,
      "benign": 0.014019,
      "malignant": 0.893501
    },
    "F": {
      "normal": 0.134034,
      "benign": 0.024182,
      "malignant": 0.841784
    }
  },
  "1": {
    "C": {
      "normal": 0.57888,
      "benign": 0.115519,
      "malignant": 0.305601
    }
  },
  "6": {
    "6": {
      "normal": 0.117505,
      "benign": 0.021085,
      "malignant": 0.86141
    }
  },
  "7": {
    "8": {
      "normal": 0.395587,
      "benign": 0.075627,
      "malignant": 0.528786
    }
  },
  "9": {
    "F": {
      "normal": 0.612461,
      "benign": 0.127467,
      "malignant": 0.260071
    },
    "A": {
      "normal": 0.398894,
      "benign": 0.076467,
      "malignant": 0.524639
    }
  },
  "C": {
    "9": {
      "normal": 0.535951,
      "benign": 0.118521,
      "malignant": 0.345528
    }
  },
  "B": {
    "E": {
      "normal": 0.272657,
      "benign": 0.050991,
      "malignant": 0.676353
    }
  },
  "D": {
    "5": {
      "normal": 0.131421,
      "benign": 0.021601,
      "malignant": 0.846978
    },
    "D": {
      "normal": 0.282938,
      "benign": 0.052946,
      "malignant": 0.664116
    }
  },
  "E": {
    "F": {
      "normal": 0.127602,
      "benign": 0.023007,
      "malignant": 0.849391
    }
  },
  "F": {
    "4": {
      "normal": 0.463265,
      "benign": 0.09202,
      "malignant": 0.444716
    }
  },
  "K": {
    "K": {
      "normal": 0.208032,
      "benign": 0.039697,
      "malignant": 0.752271
    }
  },
  "O": {
    "O": {
      "normal": 0.147902,
      "benign": 0.0257,
      "malignant": 0.826398
    }
  }
}